Cluster,Age,BMI,AlcoholConsumption,PhysicalActivity,DietQuality,SleepQuality,SystolicBP,DiastolicBP,CholesterolTotal,CholesterolLDL,CholesterolHDL,CholesterolTriglycerides
0,70.10897435897436,30.779555533554714,13.64800344717652,4.531703027046325,5.837804151195889,7.077656784903981,123.7948717948718,84.91025641025641,213.80186094374446,111.94519825282481,44.397440355348266,190.35333610135675
1,76.76307692307692,30.201481114716607,7.8660330315554505,6.309162657217091,4.311340474620908,6.39601558715733,140.7723076923077,100.36307692307692,229.42633195902135,138.17027819638216,52.588204494040255,254.72453554036764
2,62.41046831955923,22.409206279766472,9.6030018792235,4.621159488970297,4.229347019855705,6.336267527683995,145.1625344352617,92.59228650137742,212.82858396835576,125.54978547438728,66.33107573701017,202.04058032474208
3,72.5592105263158,26.8083029994084,9.886253143451974,4.730648267056295,5.201039573732253,8.089034093701256,122.3092105263158,80.45394736842105,251.49259873617814,130.73114458000305,73.42151011784699,252.70784006495853
