Cluster,Age,BMI,AlcoholConsumption,PhysicalActivity,DietQuality,SleepQuality,SystolicBP,DiastolicBP,CholesterolTotal,CholesterolLDL,CholesterolHDL,CholesterolTriglycerides
0,77.58231707317073,30.952409228640807,7.849963272865035,6.377819299683489,4.435313983523658,6.612089126003078,136.03658536585365,98.25914634146342,233.72922205853843,137.69379932078377,53.33667728698599,260.9359663346987
1,65.91437308868501,22.217656754545374,8.090037583328904,4.835902035946036,4.513408596206001,7.171112067040175,140.1743119266055,89.12538226299694,234.3475883985616,134.46049244576633,78.2264996762693,236.23425646267162
2,65.20064724919094,26.482535380483977,11.851527946342744,4.516017229996331,4.698323138245209,5.911998708219949,143.0453074433657,93.1715210355987,198.4367424729031,119.0589183370571,46.2521005614617,181.85984673821287
3,71.72647058823529,29.71265077008024,13.01057667609981,4.444862222340983,5.754412061100727,7.957467587233927,116.45,79.45882352941176,236.3778377405418,115.37567463263451,58.750272947143515,215.6156984961441
