Cluster,Age,BMI,AlcoholConsumption,PhysicalActivity,DietQuality,SleepQuality,SystolicBP,DiastolicBP,CholesterolTotal,CholesterolLDL,CholesterolHDL,CholesterolTriglycerides
0,70.6697247706422,29.23049061562468,12.679061237916839,4.360383047850759,5.712727270664763,7.790391058320054,118.5848623853211,80.18577981651376,232.36417115733295,116.25213311084553,58.496946714202195,216.9709356774411
1,77.01601830663616,30.061530368939135,8.383897377764885,6.12341864441542,4.54119109476325,6.54686927488315,138.18764302059498,97.45766590389016,230.41626976304423,137.44138303552273,53.29196065766784,249.9351329615805
2,62.80046403712297,22.787902553337794,9.545509500526983,4.647114197779281,4.3241298135168496,6.4697751396732395,144.22273781902553,91.94663573085847,215.7252343071787,126.22103927001613,66.23719685614599,205.37969348560688
